[
{"keyword": "Feature", "name": "Verify signing endpoint for PDF and XML files", "tags": ["administracion_La_Rioja", "Firma_Report", "Post_firma", "dev", "tcs_0.0.1"], "location": "features/firma.feature:19", "status": "passed", "elements": [{"type": "scenario", "keyword": "Scenario", "name": "Firma de documento PDF", "tags": ["tc_firma_de_documento_PDF"], "location": "features/firma.feature:22", "steps": [{"keyword": "Given", "step_type": "given", "name": "I have the PDF file", "location": "features/firma.feature:23", "match": {"location": "features/steps/steps_apis.py:145", "arguments": []}, "result": {"status": "passed", "duration": 0.002962350845336914}}, {"keyword": "When", "step_type": "when", "name": "I set the request body for PDF signing with alias \"pruebas\" and password \"sabeurp\"", "location": "features/firma.feature:24", "match": {"location": "features/steps/steps_apis.py:165", "arguments": [{"value": "pruebas", "name": "alias"}, {"value": "sabeurp", "name": "password"}]}, "result": {"status": "passed", "duration": 0.0010399818420410156}}, {"keyword": "And", "step_type": "when", "name": "I set the request headers as follows", "location": "features/firma.feature:25", "table": {"headings": ["Content-Type", "application/json"], "rows": [["accept", "*/*"]]}, "match": {"location": "features/steps/steps_apis.py:233", "arguments": []}, "result": {"status": "passed", "duration": 0.0010030269622802734}}, {"keyword": "And", "step_type": "when", "name": "I send a \"POST\" request to \"http://localhost:8502/firma/serverSignature\"", "location": "features/firma.feature:28", "match": {"location": "features/steps/steps_apis.py:246", "arguments": [{"value": "POST", "name": "method"}, {"value": "http://localhost:8502/firma/serverSignature", "name": "url"}]}, "result": {"status": "passed", "duration": 0.25215983390808105}}, {"keyword": "Then", "step_type": "then", "name": "the response status code should be 200", "location": "features/firma.feature:29", "match": {"location": "features/steps/steps_apis.py:264", "arguments": [{"value": "200", "name": "status_code"}]}, "result": {"status": "passed", "duration": 0.0}}], "status": "passed"}, {"type": "scenario", "keyword": "Scenario", "name": "Firma de documento XML", "tags": ["tc_firma_de_documento_XML"], "location": "features/firma.feature:33", "steps": [{"keyword": "Given", "step_type": "given", "name": "I have the XML file", "location": "features/firma.feature:34", "match": {"location": "features/steps/steps_apis.py:189", "arguments": []}, "result": {"status": "passed", "duration": 0.001039266586303711}}, {"keyword": "When", "step_type": "when", "name": "I set the request body for XML signing with alias \"pruebas\" and password \"sabeurp\"", "location": "features/firma.feature:35", "match": {"location": "features/steps/steps_apis.py:209", "arguments": [{"value": "pruebas", "name": "alias"}, {"value": "sabeurp", "name": "password"}]}, "result": {"status": "passed", "duration": 0.0009622573852539062}}, {"keyword": "And", "step_type": "when", "name": "I set the request headers as follows", "location": "features/firma.feature:36", "table": {"headings": ["Content-Type", "application/json"], "rows": [["accept", "*/*"]]}, "match": {"location": "features/steps/steps_apis.py:233", "arguments": []}, "result": {"status": "passed", "duration": 0.0010085105895996094}}, {"keyword": "And", "step_type": "when", "name": "I send a \"POST\" request to \"http://localhost:8502/firma/serverSignature\"", "location": "features/firma.feature:39", "match": {"location": "features/steps/steps_apis.py:246", "arguments": [{"value": "POST", "name": "method"}, {"value": "http://localhost:8502/firma/serverSignature", "name": "url"}]}, "result": {"status": "passed", "duration": 0.3804478645324707}}, {"keyword": "Then", "step_type": "then", "name": "the response status code should be 200", "location": "features/firma.feature:40", "match": {"location": "features/steps/steps_apis.py:264", "arguments": [{"value": "200", "name": "status_code"}]}, "result": {"status": "passed", "duration": 0.0010006427764892578}}], "status": "passed"}]}
]
